{
  "name": "",
  "url": "https://en.wikipedia.org/wiki/Goldsmiths,_University_of_London",
  "content": {
    "text": [
      "goldsmiths, university of london, legally the goldsmiths' college, is a constituentresearch university of the university of london in england.&#91;3&#93; it was originally founded in 1891 as the goldsmiths' technical and recreative institute by the worshipful company of goldsmiths in new cross, london.&#91;4&#93; it was renamed goldsmiths' college after being acquired by the university of london in 1904, and specialises in the arts, design, computing, humanities and social sciences.&#91;5&#93; the main building on campus, known as the richard hoggart building, was originally opened in 1792 and is the site of the former royal naval school.&#91;6&#93;",
      "according to quacquarelli symonds (2021), goldsmiths ranks 12th in communication and media studies, 15th in art &amp; design and is ranked in the top 50 in the areas of anthropology, sociology and the performing arts.&#91;7&#93; in 2020, the university enrolled over 10,000 students at undergraduate and postgraduate levels.&#91;2&#93; 37% of students come from outside the united kingdom and 52% of all undergraduates are mature students (aged 21 or over at the start of their studies).&#91;8&#93; additionally, around a third of students at goldsmiths are postgraduate students.&#91;2&#93;",
      "in 1891, the worshipful company of goldsmiths, one of the livery companies of the city of london, founded the goldsmiths' technical and recreative institute (more commonly referred to simply as the \"goldsmiths' institute\"&#91;9&#93;). the goldsmiths' company was established in the 12th century as a medieval guild for goldsmiths, silversmiths, and jewelers. the livery company dedicated the foundation of its new institute to \"the promotion of technical skill, knowledge, health and general well-being among men and women of the industrial, working and artisan classes\". the original institute was based in new cross at the site of the former royal naval school; the building, now known as the richard hoggart building, remains the main building of the campus today.\n",
      "in 1904, the institute was merged with the university of london and was re-established as goldsmiths' college (the apostrophe was removed in 1993, and the word 'college' dropped in a rebranding in 2006). at this point goldsmiths was the largest teacher training institution in the country. training functions were later expanded to include refresher courses for teachers, the university postgraduate certificate in education and an art teacher's certificate course. the college also ran its own nursery school.\n",
      "shortly after the merger, in 1907, goldsmiths added a new arts building, designed by sir reginald blomfield, at the back of the main building. during the second world war it was decided to evacuate the faculty and students of the college to university college, nottingham, a decision which proved wise both at the time and in hindsight, since the main building was struck by an incendiary bomb and gutted in 1940 (and not finally repaired until 1947).\n",
      "during the 1960s, goldsmiths experienced a rapid expansion in student numbers. it is during this period that goldsmiths began to establish its reputation in the arts and social science fields, as well as offering a number of new teacher training qualifications. the original main building was expanded, and the lockwood building, whitehead building, education building, warmington tower and st james's hall were all built to accommodate the influx of new students. the university also acquired a number of historic buildings in the surrounding area, including the splendid former deptford town hall and laurie grove baths buildings. the richard hoggart building, deptford town hall and the laurie grove baths all retain grade ii listed building status.\n",
      "in 1988, goldsmiths became a full college of the university of london and in 1990 received its royal charter. among its wardens have been richard hoggart, andrew rutherford and ben pimlott. the current, and first woman, warden is frances corner.&#91;10&#93;",
      "in 2018, the former boiler house and public laundry of laurie grove baths was refurbished and opened as goldsmiths cca.\n",
      "in august 2019, goldsmiths announced that it would be removing all beef products from sale and would be charging a 10p levy on bottled water and single-use plastic cups. the changes were introduced as part of the university's efforts to become carbon neutral by 2025.&#91;11&#93;",
      "goldsmiths is situated in new cross, a highly populated area of south-eastlondon with a considerable art and music scene.\n",
      "the main building, the richard hoggart building, was originally designed as a school (opened in 1844) by the architect john shaw, jr (1803–1870). the former deptford town hall building, designed by henry vaughan lanchester and edwin alfred rickards, acquired in 1998, is used for academic seminars and conferences. in addition to this goldsmiths has built several more modern buildings to develop the campus, including the riba award-winning rutherford building completed in 1997, the ben pimlott building designed by will alsop and completed in 2005, and the professor stuart hall building (formerly the new academic building) which was completed in 2010.\n",
      "the library, or the rutherford building, has three floors and gives students access to an extensive range of printed and electronic resources. the third-floor library is believed to house the largest collection of audio-visual material in the uk. goldsmiths' students, like all other students in the university of london, have full access to the collections at senate house library at bloomsbury in central london.\n",
      "the seven-storey ben pimlott building on new cross road, complete with its distinctive \"scribble in the sky\" (made from 229 separate pieces of metal) has become a signature of modern goldsmiths. it contains studio and teaching space for the department of art, as well as housing the goldsmiths digital studios&#91;12&#93; and the centre for cognition, computation and culture.&#91;13&#93;",
      "the department of design's approach to design practice grew from a concern for ethical and environmentalist design. this developed alongside research by john wood, julia lockheart, and others, which informs their research into metadesign. teru, the technology education research unit, has been instrumental in understanding how design and technology work in schools, how to encourage learners towards creative interventions that improve the made world, and how to help teachers to support that process. the writing purposefully in art and design network (writing-pad) has its main centre at goldsmiths. the network now spans some 70 institutions across the art and design sector with 6 national and 2 international writing pad centres.\n",
      "goldsmiths paired with tungsten network in 2015 to develop a research program that explores advanced artificial intelligence techniques for big data and business practices. known as tungsten centre for intelligent data analytics, the program is based in the company's london office.&#91;16&#93;",
      "in 2017, goldsmiths' media and communications department was named the second best in the uk and eighth worldwide,&#91;22&#93; although by 2020 this department's ranking had fallen to 18th in the uk.&#91;23&#93; goldsmiths' overall national rankings are about 70th, and in the tef goldsmiths achieved a bronze rating, the lowest possible ranking.\n",
      "goldsmiths research online (gro) is a repository of research publications and other research outputs conducted by academics at goldsmiths. the repository also holds goldsmiths' collection of doctoral theses. gro is part of goldsmiths online research collections (orc) which also includes goldsmiths journals online (gojo), a hosting platform for open access journals and conference proceedings.&#91;24&#93;",
      "sports teams and societies are organised by the goldsmiths students' union. the union runs 18 sports clubs, 11 of which compete in either university of london union or bucs leagues.\n",
      "\ngoldsmiths has a long history of student-led media platforms, including smiths magazine,&#91;25&#93;the leopard newspaper,&#91;26&#93; and wired radio.&#91;27&#93; the student media is run independently by students at the college.\n",
      "goldsmiths' alumni have been influential in the fields of art, design, visual arts, film, journalism, literature, theatre, comedy, music, politics, history, and sport.\n"
    ]
  },
  "links": {
    "text": [
      {
        "text": "العربية",
        "href": "https://ar.wikipedia.org/wiki/%D9%83%D9%84%D9%8A%D8%A9_%D8%AC%D9%88%D9%84%D8%AF%D8%B3%D9%85%D9%8A%D8%AB_(%D8%AC%D8%A7%D9%85%D8%B9%D8%A9_%D9%84%D9%86%D8%AF%D9%86)"
      },
      {
        "text": "Čeština",
        "href": "https://cs.wikipedia.org/wiki/Goldsmiths_(Lond%C3%BDnsk%C3%A1_univerzita)"
      },
      {
        "text": "Dansk",
        "href": "https://da.wikipedia.org/wiki/Goldsmiths"
      },
      {
        "text": "Deutsch",
        "href": "https://de.wikipedia.org/wiki/Goldsmiths,_University_of_London"
      },
      {
        "text": "Español",
        "href": "https://es.wikipedia.org/wiki/Goldsmiths,_University_of_London"
      },
      {
        "text": "فارسی",
        "href": "https://fa.wikipedia.org/wiki/%DA%AF%D9%84%D8%AF%D8%A7%D8%B3%D9%85%DB%8C%D8%AA%D8%8C_%D8%AF%D8%A7%D9%86%D8%B4%DA%AF%D8%A7%D9%87_%D9%84%D9%86%D8%AF%D9%86"
      },
      {
        "text": "Français",
        "href": "https://fr.wikipedia.org/wiki/Goldsmiths,_University_of_London"
      },
      {
        "text": "한국어",
        "href": "https://ko.wikipedia.org/wiki/%EA%B3%A8%EB%93%9C%EC%8A%A4%EB%AF%B8%EC%8A%A4_%EB%8C%80%ED%95%99"
      },
      {
        "text": "Հայերեն",
        "href": "https://hy.wikipedia.org/wiki/%D4%B3%D5%B8%D5%AC%D5%A4%D5%BD%D5%B4%D5%AB%D5%A9%D5%AB_%D5%B0%D5%A1%D5%B4%D5%A1%D5%AC%D5%BD%D5%A1%D6%80%D5%A1%D5%B6"
      },
      {
        "text": "Italiano",
        "href": "https://it.wikipedia.org/wiki/Goldsmiths,_University_of_London"
      },
      {
        "text": "Nederlands",
        "href": "https://nl.wikipedia.org/wiki/Goldsmiths_College"
      },
      {
        "text": "日本語",
        "href": "https://ja.wikipedia.org/wiki/%E3%82%B4%E3%83%BC%E3%83%AB%E3%83%89%E3%82%B9%E3%83%9F%E3%82%B9%E3%83%BB%E3%82%AB%E3%83%AC%E3%83%83%E3%82%B8"
      },
      {
        "text": "Norsk bokmål",
        "href": "https://no.wikipedia.org/wiki/Goldsmiths"
      },
      {
        "text": "پنجابی",
        "href": "https://pnb.wikipedia.org/wiki/%DA%AF%D9%88%D9%84%DA%88%D8%B3%D9%85%D8%AA%DA%BE_%DB%8C%D9%88%D9%86%DB%8C%D9%88%D8%B1%D8%B3%D9%B9%DB%8C_%D9%84%D9%86%D8%AF%D9%86"
      },
      {
        "text": "Русский",
        "href": "https://ru.wikipedia.org/wiki/%D0%93%D0%BE%D0%BB%D0%B4%D1%81%D0%BC%D0%B8%D1%82%D1%81"
      },
      {
        "text": "Slovenčina",
        "href": "https://sk.wikipedia.org/wiki/Goldsmiths"
      },
      {
        "text": "Suomi",
        "href": "https://fi.wikipedia.org/wiki/Goldsmiths%E2%80%99_College"
      },
      {
        "text": "Tagalog",
        "href": "https://tl.wikipedia.org/wiki/Goldsmiths,_Unibersidad_ng_London"
      },
      {
        "text": "Türkçe",
        "href": "https://tr.wikipedia.org/wiki/Goldsmiths_College"
      },
      {
        "text": "اردو",
        "href": "https://ur.wikipedia.org/wiki/%DA%AF%D9%88%D9%84%DA%88%D8%B3%D9%85%D8%AA%DA%BE%D8%B2%D8%8C_%DB%8C%D9%88%D9%86%DB%8C%D9%88%D8%B1%D8%B3%D9%B9%DB%8C_%D8%A2%D9%81_%D9%84%D9%86%D8%AF%D9%86"
      },
      {
        "text": "中文",
        "href": "https://zh.wikipedia.org/wiki/%E5%80%AB%E6%95%A6%E5%A4%A7%E5%AD%B8%E9%87%91%E5%8C%A0%E5%AD%B8%E9%99%A2"
      },
      {
        "text": "Edit links",
        "href": "https://www.wikidata.org/wiki/Special:EntityPage/Q528231#sitelinks-wikipedia"
      },
      {
        "text": "Article",
        "href": "/wiki/Goldsmiths,_University_of_London"
      },
      {
        "text": "Talk",
        "href": "/wiki/Talk:Goldsmiths,_University_of_London"
      },
      {
        "text": "Read",
        "href": "/wiki/Goldsmiths,_University_of_London"
      },
      {
        "text": "Read",
        "href": "/wiki/Goldsmiths,_University_of_London"
      },
      {
        "text": "",
        "href": "/wiki/File:Goldsmiths_College,_London_arms.svg"
      },
      {
        "text": "Coat of arms",
        "href": "/wiki/Coat_of_arms"
      },
      {
        "text": "Latin",
        "href": "/wiki/Latin_language"
      },
      {
        "text": "Public",
        "href": "/wiki/Public_university"
      },
      {
        "text": "constituent college",
        "href": "/wiki/Member_institutions_of_the_University_of_London"
      },
      {
        "text": "Tertiary college",
        "href": "/wiki/Tertiary_education"
      },
      {
        "text": "Constituent college",
        "href": "/wiki/Member_institutions_of_the_University_of_London"
      },
      {
        "text": "University of London",
        "href": "/wiki/University_of_London"
      },
      {
        "text": "Endowment",
        "href": "/wiki/Financial_endowment"
      },
      {
        "text": "£",
        "href": "/wiki/%C2%A3"
      },
      {
        "text": "£",
        "href": "/wiki/%C2%A3"
      },
      {
        "text": "Chancellor",
        "href": "/wiki/Chancellor_(education)"
      },
      {
        "text": "The Princess Royal",
        "href": "/wiki/Anne,_Princess_Royal"
      },
      {
        "text": "University of London",
        "href": "/wiki/University_of_London"
      },
      {
        "text": "Warden",
        "href": "/wiki/Warden_(college)"
      },
      {
        "text": "Frances Corner",
        "href": "/wiki/Frances_Corner"
      },
      {
        "text": "Undergraduates",
        "href": "/wiki/Undergraduate_education"
      },
      {
        "text": "Postgraduates",
        "href": "/wiki/Postgraduate_education"
      },
      {
        "text": "51°28′26″N0°02′07″W&#xfeff; / &#xfeff;51.4739°N 0.0354°W&#xfeff; / 51.4739; -0.0354",
        "href": "//geohack.toolforge.org/geohack.php?pagename=Goldsmiths,_University_of_London&amp;params=51.4739_N_0.0354_W_region:GB-LON_scale:8000"
      },
      {
        "text": "Coordinates",
        "href": "/wiki/Geographic_coordinate_system"
      },
      {
        "text": "51°28′26″N0°02′07″W&#xfeff; / &#xfeff;51.4739°N 0.0354°W&#xfeff; / 51.4739; -0.0354",
        "href": "//geohack.toolforge.org/geohack.php?pagename=Goldsmiths,_University_of_London&amp;params=51.4739_N_0.0354_W_region:GB-LON_scale:8000"
      },
      {
        "text": "Scarf",
        "href": "/wiki/Academic_scarf"
      },
      {
        "text": "Colours",
        "href": "/wiki/School_colors"
      },
      {
        "text": "Association of Commonwealth Universities",
        "href": "/wiki/Association_of_Commonwealth_Universities"
      },
      {
        "text": "Universities UK",
        "href": "/wiki/Universities_UK"
      },
      {
        "text": "gold.ac.uk",
        "href": "http://gold.ac.uk"
      },
      {
        "text": "",
        "href": "/wiki/File:Logo_of_Goldsmiths,_University_of_London.png"
      },
      {
        "text": "constituent",
        "href": "/wiki/Member_institutions_of_the_University_of_London"
      },
      {
        "text": "research university",
        "href": "/wiki/Research_university"
      },
      {
        "text": "University of London",
        "href": "/wiki/University_of_London"
      },
      {
        "text": "Worshipful Company of Goldsmiths",
        "href": "/wiki/Worshipful_Company_of_Goldsmiths"
      },
      {
        "text": "New Cross",
        "href": "/wiki/New_Cross"
      },
      {
        "text": "Royal Naval School",
        "href": "/wiki/Royal_Naval_School"
      },
      {
        "text": "Quacquarelli Symonds",
        "href": "/wiki/QS_World_University_Rankings"
      },
      {
        "text": "",
        "href": "/wiki/File:Goldsmiths_Main_Building.jpg"
      },
      {
        "text": "",
        "href": "/wiki/File:Goldsmiths_Main_Building.jpg"
      },
      {
        "text": "Richard Hoggart",
        "href": "/wiki/Richard_Hoggart"
      },
      {
        "text": "Worshipful Company of Goldsmiths",
        "href": "/wiki/Worshipful_Company_of_Goldsmiths"
      },
      {
        "text": "Livery Companies",
        "href": "/wiki/Livery_Companies"
      },
      {
        "text": "City of London",
        "href": "/wiki/City_of_London"
      },
      {
        "text": "New Cross",
        "href": "/wiki/New_Cross"
      },
      {
        "text": "Royal Naval School",
        "href": "/wiki/Royal_Naval_School"
      },
      {
        "text": "",
        "href": "/wiki/File:From_the_Services_To_Schoolmastering-_Re-training_at_Goldsmith%27s_College,_London_University,_Nottingham,_England,_1944_D22754.jpg"
      },
      {
        "text": "",
        "href": "/wiki/File:From_the_Services_To_Schoolmastering-_Re-training_at_Goldsmith%27s_College,_London_University,_Nottingham,_England,_1944_D22754.jpg"
      },
      {
        "text": "University of Nottingham",
        "href": "/wiki/University_of_Nottingham"
      },
      {
        "text": "Reginald Blomfield",
        "href": "/wiki/Reginald_Blomfield"
      },
      {
        "text": "University College, Nottingham",
        "href": "/wiki/University_of_Nottingham"
      },
      {
        "text": "incendiary bomb",
        "href": "/wiki/Incendiary_bomb"
      },
      {
        "text": "social science",
        "href": "/wiki/Social_science"
      },
      {
        "text": "Deptford Town Hall",
        "href": "/wiki/Deptford_Town_Hall"
      },
      {
        "text": "Grade II listed",
        "href": "/wiki/Grade_II_listed"
      },
      {
        "text": "Royal Charter",
        "href": "/wiki/Royal_Charter"
      },
      {
        "text": "wardens",
        "href": "/wiki/List_of_Goldsmiths_College_people#List_of_Wardens_of_Goldsmiths"
      },
      {
        "text": "Richard Hoggart",
        "href": "/wiki/Richard_Hoggart"
      },
      {
        "text": "Andrew Rutherford",
        "href": "/wiki/Andrew_Rutherford_(English_scholar)"
      },
      {
        "text": "Ben Pimlott",
        "href": "/wiki/Ben_Pimlott"
      },
      {
        "text": "Frances Corner",
        "href": "/wiki/Frances_Corner"
      },
      {
        "text": "Goldsmiths CCA",
        "href": "/wiki/Goldsmiths_CCA"
      },
      {
        "text": "",
        "href": "/wiki/File:Deptford_Town_Hall_Building.jpg"
      },
      {
        "text": "",
        "href": "/wiki/File:Deptford_Town_Hall_Building.jpg"
      },
      {
        "text": "Deptford Town Hall",
        "href": "/wiki/Deptford_Town_Hall"
      },
      {
        "text": "New Cross",
        "href": "/wiki/New_Cross"
      },
      {
        "text": "south-east",
        "href": "/wiki/List_of_sub-regions_used_in_the_London_Plan"
      },
      {
        "text": "London",
        "href": "/wiki/London"
      },
      {
        "text": "Henry Vaughan Lanchester",
        "href": "/wiki/Henry_Vaughan_Lanchester"
      },
      {
        "text": "Edwin Alfred Rickards",
        "href": "/wiki/Edwin_Alfred_Rickards"
      },
      {
        "text": "RIBA",
        "href": "/wiki/RIBA"
      },
      {
        "text": "Will Alsop",
        "href": "/wiki/Will_Alsop"
      },
      {
        "text": "Senate House",
        "href": "/wiki/Senate_House_(University_of_London)"
      },
      {
        "text": "Bloomsbury",
        "href": "/wiki/Bloomsbury"
      },
      {
        "text": "",
        "href": "/wiki/File:Goldsmiths_Pimlott_Building.jpg"
      },
      {
        "text": "",
        "href": "/wiki/File:Goldsmiths_Pimlott_Building.jpg"
      },
      {
        "text": "Ben Pimlott",
        "href": "/wiki/Ben_Pimlott"
      },
      {
        "text": "",
        "href": "/wiki/File:RISB.JPG"
      },
      {
        "text": "",
        "href": "/wiki/File:RISB.JPG"
      },
      {
        "text": "Damien Hirst",
        "href": "/wiki/Damien_Hirst"
      },
      {
        "text": "Sarah Lucas",
        "href": "/wiki/Sarah_Lucas"
      },
      {
        "text": "Steve McQueen",
        "href": "/wiki/Steve_McQueen_(director)"
      },
      {
        "text": "Gillian Wearing",
        "href": "/wiki/Gillian_Wearing"
      },
      {
        "text": "Fiona Banner",
        "href": "/wiki/Fiona_Banner"
      },
      {
        "text": "Angela Bulloch",
        "href": "/wiki/Angela_Bulloch"
      },
      {
        "text": "Graham Coxon",
        "href": "/wiki/Graham_Coxon"
      },
      {
        "text": "Screen Studies Group, London",
        "href": "/wiki/Screen_Studies_Group,_London"
      },
      {
        "text": "John Wood",
        "href": "/wiki/John_Wood_(design_theorist)"
      },
      {
        "text": "Julia Lockheart",
        "href": "/wiki/Julia_Lockheart"
      },
      {
        "text": "metadesign",
        "href": "/wiki/Metadesign"
      },
      {
        "text": "Sociology",
        "href": "/wiki/Sociology"
      },
      {
        "text": "Nirmal Puwar",
        "href": "/wiki/Nirmal_Puwar"
      },
      {
        "text": "Les Back",
        "href": "/wiki/Les_Back"
      },
      {
        "text": "Matthew Fuller",
        "href": "/wiki/Matthew_Fuller_(author)"
      },
      {
        "text": "Scott Lash",
        "href": "/wiki/Scott_Lash"
      },
      {
        "text": "Angela McRobbie",
        "href": "/wiki/Angela_McRobbie"
      },
      {
        "text": "Nirmal Puwar",
        "href": "/wiki/Nirmal_Puwar"
      },
      {
        "text": "Sara Ahmed",
        "href": "/wiki/Sara_Ahmed"
      },
      {
        "text": "Keith Hart",
        "href": "/wiki/Keith_Hart_(anthropologist)"
      },
      {
        "text": "David Graeber",
        "href": "/wiki/David_Graeber"
      },
      {
        "text": "Saul Newman",
        "href": "/wiki/Saul_Newman"
      },
      {
        "text": "Andrew Benjamin",
        "href": "/wiki/Andrew_Benjamin"
      },
      {
        "text": "Bernard Stiegler",
        "href": "/wiki/Bernard_Stiegler"
      },
      {
        "text": "Chris French",
        "href": "/wiki/Chris_French"
      },
      {
        "text": "paranormal",
        "href": "/wiki/Paranormal"
      },
      {
        "text": "Saul Newman",
        "href": "/wiki/Saul_Newman"
      },
      {
        "text": "post-anarchism",
        "href": "/wiki/Post-anarchism"
      },
      {
        "text": "Blake Morrison",
        "href": "/wiki/Blake_Morrison"
      },
      {
        "text": "Chris Baldick",
        "href": "/wiki/Chris_Baldick"
      },
      {
        "text": "Research Centre for Russian Music",
        "href": "/wiki/Research_Centre_for_Russian_Music"
      },
      {
        "text": "Alexander Ivashkin",
        "href": "/wiki/Alexander_Ivashkin"
      },
      {
        "text": "citation needed",
        "href": "/wiki/Wikipedia:Citation_needed"
      },
      {
        "text": "Tungsten Network",
        "href": "/wiki/Tungsten_Network"
      },
      {
        "text": "Big Data",
        "href": "/wiki/Big_data"
      },
      {
        "text": "Rankings",
        "href": "/wiki/College_and_university_rankings"
      },
      {
        "text": "National rankings",
        "href": "/wiki/Rankings_of_universities_in_the_United_Kingdom"
      },
      {
        "text": "Complete",
        "href": "/wiki/Rankings_of_universities_in_the_United_Kingdom#The_Complete_University_Guide"
      },
      {
        "text": "Guardian",
        "href": "/wiki/Rankings_of_universities_in_the_United_Kingdom#The_Guardian"
      },
      {
        "text": "Times / Sunday Times",
        "href": "/wiki/Rankings_of_universities_in_the_United_Kingdom#The_Times/The_Sunday_Times"
      },
      {
        "text": "THE",
        "href": "/wiki/Times_Higher_Education_World_University_Rankings"
      },
      {
        "text": "QS",
        "href": "/wiki/QS_World_University_Rankings"
      },
      {
        "text": "open access",
        "href": "/wiki/Open_access"
      },
      {
        "text": "Goldsmiths Students' Union",
        "href": "/wiki/Goldsmiths_Students%27_Union"
      },
      {
        "text": "University of London Union",
        "href": "/wiki/University_of_London_Union"
      },
      {
        "text": "BUCS",
        "href": "/wiki/British_Universities_%26_Colleges_Sport"
      },
      {
        "text": "LGBT",
        "href": "/wiki/LGBT"
      },
      {
        "text": "Accommodation Services website",
        "href": "https://www.gold.ac.uk/accommodation/"
      },
      {
        "text": "Goldsmiths Students' Union",
        "href": "/wiki/Goldsmiths_Students%27_Union"
      },
      {
        "text": "chaplaincy",
        "href": "/wiki/Chaplaincy"
      },
      {
        "text": "medical clinic",
        "href": "/wiki/Medical_clinic"
      },
      {
        "text": "gym",
        "href": "/wiki/Gym"
      },
      {
        "text": "The Tab",
        "href": "/wiki/The_Tab"
      },
      {
        "text": "Holocaust Memorial Day",
        "href": "/wiki/Holocaust_Memorial_Day"
      },
      {
        "text": "Bahar Mustafa",
        "href": "/wiki/Bahar_Mustafa"
      },
      {
        "text": "List of Goldsmiths College alumni",
        "href": "/wiki/List_of_Goldsmiths_College_alumni"
      },
      {
        "text": "Mark Wallinger",
        "href": "/wiki/Mark_Wallinger"
      },
      {
        "text": "Damien Hirst",
        "href": "/wiki/Damien_Hirst"
      },
      {
        "text": "Antony Gormley",
        "href": "/wiki/Antony_Gormley"
      },
      {
        "text": "Sam Taylor-Johnson",
        "href": "/wiki/Sam_Taylor-Johnson"
      },
      {
        "text": "Lucian Freud",
        "href": "/wiki/Lucian_Freud"
      },
      {
        "text": "Mary Quant",
        "href": "/wiki/Mary_Quant"
      },
      {
        "text": "Bridget Riley",
        "href": "/wiki/Bridget_Riley"
      },
      {
        "text": "Sarah Lucas",
        "href": "/wiki/Sarah_Lucas"
      },
      {
        "text": "Gary Hume",
        "href": "/wiki/Gary_Hume"
      },
      {
        "text": "Steve McQueen",
        "href": "/wiki/Steve_McQueen_(director)"
      },
      {
        "text": "Carl Hopgood",
        "href": "/wiki/Carl_Hopgood"
      },
      {
        "text": "Ely Dagher",
        "href": "/wiki/Ely_Dagher"
      },
      {
        "text": "Michael Dean",
        "href": "/wiki/Michael_Dean_(artist)"
      },
      {
        "text": "Gillian Wearing",
        "href": "/wiki/Gillian_Wearing"
      },
      {
        "text": "Brian Molko",
        "href": "/wiki/Brian_Molko"
      },
      {
        "text": "Martyn Brabbins",
        "href": "/wiki/Martyn_Brabbins"
      },
      {
        "text": "Katy B",
        "href": "/wiki/Katy_B"
      },
      {
        "text": "James Blake",
        "href": "/wiki/James_Blake_(musician)"
      },
      {
        "text": "John Cale",
        "href": "/wiki/John_Cale"
      },
      {
        "text": "A. G. Cook",
        "href": "/wiki/A._G._Cook"
      },
      {
        "text": "Peter Graham",
        "href": "/wiki/Peter_Graham_(composer)"
      },
      {
        "text": "Robin Haigh",
        "href": "/wiki/Robin_Haigh"
      },
      {
        "text": "Rosie Lowe",
        "href": "/wiki/Rosie_Lowe"
      },
      {
        "text": "Malcolm McLaren",
        "href": "/wiki/Malcolm_McLaren"
      },
      {
        "text": "Benedict Taylor",
        "href": "/wiki/Benedict_Taylor_(musician)"
      },
      {
        "text": "Shirley Thompson",
        "href": "/wiki/Shirley_Thompson_(composer)"
      },
      {
        "text": "Errollyn Wallen",
        "href": "/wiki/Errollyn_Wallen"
      },
      {
        "text": "Alastair White",
        "href": "/wiki/Alastair_White"
      },
      {
        "text": "Roger Williams",
        "href": "/wiki/Roger_Williams_(organist)"
      },
      {
        "text": "Dave Myers",
        "href": "/wiki/Dave_Myers_(presenter)"
      },
      {
        "text": "SHERELLE",
        "href": "/wiki/Sherelle"
      },
      {
        "text": "Kalki Koechlin",
        "href": "/wiki/Kalki_Koechlin"
      },
      {
        "text": "Beatie Wolfe",
        "href": "/wiki/Beatie_Wolfe"
      },
      {
        "text": "Malik Sajad",
        "href": "/wiki/Malik_Sajad"
      },
      {
        "text": "Mehmet Aksoy",
        "href": "/wiki/Mehmet_Aksoy_(filmmaker)"
      },
      {
        "text": "Placebo",
        "href": "/wiki/Placebo_(band)"
      },
      {
        "text": "Brian Molko",
        "href": "/wiki/Brian_Molko"
      },
      {
        "text": "citation needed",
        "href": "/wiki/Wikipedia:Citation_needed"
      },
      {
        "text": "Blur",
        "href": "/wiki/Blur_(band)"
      },
      {
        "text": "Alex James",
        "href": "/wiki/Alex_James_(musician)"
      },
      {
        "text": "Graham Coxon",
        "href": "/wiki/Graham_Coxon"
      },
      {
        "text": "Nighat Chaudhry",
        "href": "/wiki/Nighat_Chaudhry"
      },
      {
        "text": "Taipei City Government",
        "href": "/wiki/Taipei_City_Government"
      },
      {
        "text": "Huang Ching-yin",
        "href": "/wiki/Huang_Ching-yin"
      },
      {
        "text": "Armorial of UK universities",
        "href": "/wiki/Armorial_of_UK_universities"
      },
      {
        "text": "E-scape",
        "href": "/wiki/E-scape"
      },
      {
        "text": "Forensic Architecture",
        "href": "/wiki/Forensic_Architecture"
      },
      {
        "text": "Goldsmiths CCA",
        "href": "/wiki/Goldsmiths_CCA"
      },
      {
        "text": "List of Goldsmiths College people",
        "href": "/wiki/List_of_Goldsmiths_College_people"
      },
      {
        "text": "List of universities in the UK",
        "href": "/wiki/List_of_universities_in_the_UK"
      },
      {
        "text": "\"Annual Reports and Financial Statements 2021\"",
        "href": "https://www.gold.ac.uk/media/docs/public-information/annual-reports/financial-statements-2020-21.pdf"
      },
      {
        "text": "\"Where do HE students study?\"",
        "href": "https://www.hesa.ac.uk/data-and-analysis/students/where-study"
      },
      {
        "text": "Higher Education Statistics Agency",
        "href": "/wiki/Higher_Education_Statistics_Agency"
      },
      {
        "text": "\"University of London members | HESA\"",
        "href": "https://www.hesa.ac.uk/support/providers/uol-members"
      },
      {
        "text": "\"AIM25 collection description\"",
        "href": "https://web.archive.org/web/20170629105639/http://www.aim25.ac.uk/cgi-bin/search2?coll_id=5499&amp;inst_id=29"
      },
      {
        "text": "the original",
        "href": "http://www.aim25.ac.uk/cgi-bin/search2?coll_id=5499&amp;inst_id=29"
      },
      {
        "text": "\"Rebranding FAQs\"",
        "href": "https://web.archive.org/web/20070225110856/http://www.gold.ac.uk/rebrand/faq.php"
      },
      {
        "text": "the original",
        "href": "http://www.gold.ac.uk/rebrand/faq.php"
      },
      {
        "text": "Goldsmiths' College: A Centenary Account",
        "href": "https://books.google.com/books?id=2WcvAQAAIAAJ"
      },
      {
        "text": "ISBN",
        "href": "/wiki/ISBN_(identifier)"
      },
      {
        "text": "978-0-485-11384-6",
        "href": "/wiki/Special:BookSources/978-0-485-11384-6"
      },
      {
        "text": "\"Goldsmiths, University of London\"",
        "href": "https://www.topuniversities.com/universities/goldsmiths-university-london"
      },
      {
        "text": "\"Goldsmiths, University of London\"",
        "href": "https://www.timeshighereducation.com/world-university-rankings/goldsmiths-university-london"
      },
      {
        "text": "\"Goldsmiths' College archives\"",
        "href": "http://www.aim25.ac.uk/cgi-bin/search2?coll_id=5499&amp;inst_id=29"
      },
      {
        "text": "\"Next Warden – Frances Corner OBE\"",
        "href": "https://www.gold.ac.uk/news/next-warden/"
      },
      {
        "text": "\"University bans hamburgers 'to help environment'\"",
        "href": "https://www.bbc.com/news/education-49321560"
      },
      {
        "text": "\"Goldsmiths Digital Studios, Goldsmiths, University of London\"",
        "href": "https://web.archive.org/web/20110618070849/http://www.gold.ac.uk/gds/"
      },
      {
        "text": "the original",
        "href": "http://www.gold.ac.uk/gds/"
      },
      {
        "text": "\"Centre for Cognition, Computation and Culture\"",
        "href": "https://web.archive.org/web/20110516013559/http://www.gold.ac.uk/cccc/"
      },
      {
        "text": "the original",
        "href": "http://www.gold.ac.uk/cccc/"
      },
      {
        "text": "\"Institute for Creative and Cultural Entrepreneurship\"",
        "href": "https://www.gold.ac.uk/icce/"
      },
      {
        "text": "\"What it's like to work at... ...Goldsmiths College, University of London\"",
        "href": "https://www.theguardian.com/world/2005/jan/18/news.goldsmiths"
      },
      {
        "text": "The Guardian",
        "href": "/wiki/The_Guardian"
      },
      {
        "text": "\"Goldsmiths University of London. Tungsten Corporation and Goldsmiths announce artificial intelligence venture\"",
        "href": "http://www.gold.ac.uk/news/tungsten-goldsmiths-ai/"
      },
      {
        "text": "\"Complete University Guide 2023\"",
        "href": "https://www.thecompleteuniversityguide.co.uk/league-tables/rankings"
      },
      {
        "text": "\"Guardian University Guide 2023\"",
        "href": "https://www.theguardian.com/education/ng-interactive/2022/sep/24/the-guardian-university-guide-2023-the-rankings"
      },
      {
        "text": "\"Good University Guide 2023\"",
        "href": "https://www.thetimes.co.uk/article/good-university-guide-in-full-tp6dzs7wn"
      },
      {
        "text": "\"THE World University Rankings 2023\"",
        "href": "https://www.timeshighereducation.com/world-university-rankings/2023/world-ranking"
      },
      {
        "text": "\"QS World University Rankings 2023\"",
        "href": "https://www.topuniversities.com/university-rankings/world-university-rankings/2023"
      },
      {
        "text": "\"Communication &amp; Media Studies\"",
        "href": "https://www.topuniversities.com/university-rankings/university-subject-rankings/2017/communication-media-studies"
      },
      {
        "text": "\"Top UK University League Tables and Rankings 2020\"",
        "href": "https://www.thecompleteuniversityguide.co.uk/league-tables/rankings"
      },
      {
        "text": "\"About – Goldsmiths Research Online\"",
        "href": "http://research.gold.ac.uk/information.html"
      },
      {
        "text": "\"Smiths Magazine\"",
        "href": "https://web.archive.org/web/20151021053700/http://www.smithsmagazine.co.uk/"
      },
      {
        "text": "the original",
        "href": "http://www.smithsmagazine.co.uk/"
      },
      {
        "text": "\"Login\"",
        "href": "https://www.goldsmithssu.org/login/?redirect=/theleopard/"
      },
      {
        "text": "\"Wired: Student radio for Goldsmiths College\"",
        "href": "http://www.wiredradio.co.uk/"
      },
      {
        "text": "\"Save Goldsmiths Nursery campaign\"",
        "href": "http://www.eastlondonlines.co.uk/2011/06/victory-for-goldsmiths-nursery-campaign/"
      },
      {
        "text": "\"London University Row Over 'Eurocentric and Colonialist' Holocaust Remembrance Rejection\"",
        "href": "http://www.ibtimes.co.uk/london-university-row-over-eurocentric-colonialist-holocaust-memorial-rejection-1470389"
      },
      {
        "text": "\"London students refuse to mark Holocaust Day – Jewish World\"",
        "href": "http://www.haaretz.com/jewish-world/.premium-1.621459"
      },
      {
        "text": "\"University union rejects 'eurocentric' Holocaust Memorial Day\"",
        "href": "http://www.jewishnews.co.uk/goldsmiths-university-refuses-holocaust-motion-eurocentric-colonialist/"
      },
      {
        "text": "\"Goldsmiths University Row As Holocaust Motion Voted Down Over 'Colonial' Fears\"",
        "href": "http://www.huffingtonpost.co.uk/2014/10/16/goldsmiths-su-rejects-commemorate-holocaust_n_5995240.html"
      },
      {
        "text": "\"White people and men told 'please don't come' to student protest against inequality\"",
        "href": "http://www.telegraph.co.uk/news/uknews/11557408/White-people-and-men-told-please-dont-come-to-student-protest-against-inequality.html"
      },
      {
        "text": "\"Excluding whites and men from diversity event at British university elicits anger\"",
        "href": "https://www.washingtonpost.com/news/morning-mix/wp/2015/04/24/anger-over-attempt-to-exclude-whites-and-men-from-racial-diversity-event-at-british-university/"
      },
      {
        "text": "\"Goldsmiths Students' Union diversity officer explains she cannot be racist or sexist because she is an ethnic minority woman\"",
        "href": "https://www.independent.co.uk/news/uk/home-news/goldsmiths-students-union-diversity-officer-says-she-cannot-be-racist-or-sexist-to-white-men-because-she-is-an-ethnic-minority-woman-10244520.html"
      },
      {
        "text": "\"'I can't be racist if I'm from an ethnic minority'. Discuss\"",
        "href": "http://www.bbc.co.uk/newsbeat/article/32727016/i-cant-be-racist-if-im-from-an-ethnic-minority-discuss"
      },
      {
        "text": "\"We call for a vote of no confidence on the current Welfare and Diversity Officer\"",
        "href": "http://www.goldsmithssu.org/asset/News/6013/Caseforano-confidencevote.pdf"
      },
      {
        "text": "\"Bahar Mustafa: Goldsmiths Students' Union diversity officer to keep her job after vote of no confidence petition fails\"",
        "href": "https://www.independent.co.uk/news/uk/home-news/bahar-mustafa-goldsmiths-university-diversity-officer-keeps-her-job-after-vote-of-no-confidence-petition-fails-10277562.html"
      },
      {
        "text": "Goldsmiths, University of London",
        "href": "https://commons.wikimedia.org/wiki/Category:Goldsmiths,_University_of_London"
      },
      {
        "text": "Official website",
        "href": "http://www.gold.ac.uk"
      },
      {
        "text": "The official Goldsmiths Students' Union website",
        "href": "http://www.goldsmithssu.org/"
      },
      {
        "text": "Goldsmiths, University of London lists of students",
        "href": "http://www.senatehouselibrary.ac.uk/our-collections/special-collections/archives-manuscripts/university-of-london-students-1836-1934"
      },
      {
        "text": "Goldsmiths, University of London military personnel,1914–1918",
        "href": "http://www.senatehouselibrary.ac.uk/our-collections/special-collections/archives-manuscripts/university-of-london-military-service-1914-1945"
      },
      {
        "text": "v",
        "href": "/wiki/Template:University_of_London"
      },
      {
        "text": "t",
        "href": "/wiki/Template_talk:University_of_London"
      },
      {
        "text": "University of London",
        "href": "/wiki/University_of_London"
      },
      {
        "text": "Institutions",
        "href": "/wiki/University_of_London#Administrative_structure"
      },
      {
        "text": "Birkbeck",
        "href": "/wiki/Birkbeck,_University_of_London"
      },
      {
        "text": "City",
        "href": "/wiki/City,_University_of_London"
      },
      {
        "text": "Courtauld Institute of Art",
        "href": "/wiki/Courtauld_Institute_of_Art"
      },
      {
        "text": "Institute of Cancer Research",
        "href": "/wiki/Institute_of_Cancer_Research"
      },
      {
        "text": "King's College London",
        "href": "/wiki/King%27s_College_London"
      },
      {
        "text": "London Business School",
        "href": "/wiki/London_Business_School"
      },
      {
        "text": "London School of Economics",
        "href": "/wiki/London_School_of_Economics"
      },
      {
        "text": "London School of Hygiene &amp; Tropical Medicine",
        "href": "/wiki/London_School_of_Hygiene_%26_Tropical_Medicine"
      },
      {
        "text": "Queen Mary",
        "href": "/wiki/Queen_Mary_University_of_London"
      },
      {
        "text": "Royal Academy of Music",
        "href": "/wiki/Royal_Academy_of_Music"
      },
      {
        "text": "Royal Central School of Speech and Drama",
        "href": "/wiki/Royal_Central_School_of_Speech_and_Drama"
      },
      {
        "text": "Royal Holloway",
        "href": "/wiki/Royal_Holloway,_University_of_London"
      },
      {
        "text": "Royal Veterinary College",
        "href": "/wiki/Royal_Veterinary_College"
      },
      {
        "text": "St George's",
        "href": "/wiki/St_George%27s,_University_of_London"
      },
      {
        "text": "School of Oriental and African Studies",
        "href": "/wiki/SOAS_University_of_London"
      },
      {
        "text": "University College London",
        "href": "/wiki/University_College_London"
      },
      {
        "text": "",
        "href": "/wiki/File:Senate_House,_University_of_London.jpg"
      },
      {
        "text": "Senate House Libraries",
        "href": "/wiki/Senate_House_Libraries"
      },
      {
        "text": "School of Advanced Study",
        "href": "/wiki/School_of_Advanced_Study"
      },
      {
        "text": "Institute of Advanced Legal Studies",
        "href": "/wiki/Institute_of_Advanced_Legal_Studies"
      },
      {
        "text": "Institute of Classical Studies",
        "href": "/wiki/Institute_of_Classical_Studies"
      },
      {
        "text": "Institute of Commonwealth Studies",
        "href": "/wiki/Institute_of_Commonwealth_Studies"
      },
      {
        "text": "Institute of English Studies",
        "href": "/wiki/Institute_of_English_Studies"
      },
      {
        "text": "Institute of Historical Research",
        "href": "/wiki/Institute_of_Historical_Research"
      },
      {
        "text": "Centre for Metropolitan History",
        "href": "/wiki/Centre_for_Metropolitan_History"
      },
      {
        "text": "Institute of Latin American Studies",
        "href": "/wiki/Institute_of_Latin_American_Studies"
      },
      {
        "text": "Institute of Modern Languages Research",
        "href": "/wiki/Institute_of_Modern_Languages_Research"
      },
      {
        "text": "Institute of Philosophy",
        "href": "/wiki/Institute_of_Philosophy,_University_of_London"
      },
      {
        "text": "Warburg Institute",
        "href": "/wiki/Warburg_Institute"
      },
      {
        "text": "University of London Institute in Paris",
        "href": "/wiki/University_of_London_Institute_in_Paris"
      },
      {
        "text": "University of London Worldwide",
        "href": "/wiki/University_of_London_Worldwide"
      },
      {
        "text": "People",
        "href": "/wiki/Category:People_associated_with_the_University_of_London"
      },
      {
        "text": "Chancellor",
        "href": "/wiki/List_of_Chancellors_of_the_University_of_London"
      },
      {
        "text": "The Princess Royal",
        "href": "/wiki/Anne,_Princess_Royal"
      },
      {
        "text": "Vice-Chancellor",
        "href": "/wiki/List_of_vice-chancellors_of_the_University_of_London"
      },
      {
        "text": "Wendy Thomson",
        "href": "/wiki/Wendy_Thomson"
      },
      {
        "text": "Visitor",
        "href": "/wiki/Visitor"
      },
      {
        "text": "The Lord President of the Council",
        "href": "/wiki/Lord_President_of_the_Council"
      },
      {
        "text": "Jacob Rees-Mogg",
        "href": "/wiki/Jacob_Rees-Mogg"
      },
      {
        "text": "Academics",
        "href": "/wiki/Category:Academics_of_the_University_of_London"
      },
      {
        "text": "Alumni",
        "href": "/wiki/Category:Alumni_of_the_University_of_London"
      },
      {
        "text": "List of heads of colleges",
        "href": "/wiki/List_of_heads_of_member_institutions_of_the_University_of_London"
      },
      {
        "text": "List of University of London people",
        "href": "/wiki/List_of_University_of_London_people"
      },
      {
        "text": "Bloomsbury",
        "href": "/wiki/Bloomsbury"
      },
      {
        "text": "Gordon Square",
        "href": "/wiki/Gordon_Square"
      },
      {
        "text": "Halls of residence",
        "href": "/wiki/Category:University_of_London_intercollegiate_halls_of_residence"
      },
      {
        "text": "College Hall",
        "href": "/wiki/College_Hall,_London"
      },
      {
        "text": "Connaught Hall",
        "href": "/wiki/Connaught_Hall,_London"
      },
      {
        "text": "International Hall",
        "href": "/wiki/International_Hall,_London"
      },
      {
        "text": "Nutford House",
        "href": "/wiki/Nutford_House,_London"
      },
      {
        "text": "Malet Street",
        "href": "/wiki/Malet_Street"
      },
      {
        "text": "Russell Square",
        "href": "/wiki/Russell_Square"
      },
      {
        "text": "Senate House",
        "href": "/wiki/Senate_House,_London"
      },
      {
        "text": "Tavistock Square",
        "href": "/wiki/Tavistock_Square"
      },
      {
        "text": "Torrington Square",
        "href": "/wiki/Torrington_Square"
      },
      {
        "text": "Woburn Square",
        "href": "/wiki/Woburn_Square"
      },
      {
        "text": "History",
        "href": "/wiki/University_of_London#History"
      },
      {
        "text": "Institutions",
        "href": "/wiki/Category:Former_colleges_of_the_University_of_London"
      },
      {
        "text": "Bedford College",
        "href": "/wiki/Bedford_College,_London"
      },
      {
        "text": "Chelsea College of Science and Technology",
        "href": "/wiki/Chelsea_College_of_Science_and_Technology"
      },
      {
        "text": "Heythrop College",
        "href": "/wiki/Heythrop_College,_University_of_London"
      },
      {
        "text": "Imperial College",
        "href": "/wiki/Imperial_College_London"
      },
      {
        "text": "Institute of Education",
        "href": "/wiki/UCL_Institute_of_Education"
      },
      {
        "text": "Institute of Psychiatry, Psychology and Neuroscience",
        "href": "/wiki/Institute_of_Psychiatry,_Psychology_and_Neuroscience"
      },
      {
        "text": "Institute for the Study of the Americas",
        "href": "/wiki/Institute_for_the_Study_of_the_Americas"
      },
      {
        "text": "London Consortium",
        "href": "/wiki/London_Consortium"
      },
      {
        "text": "New College",
        "href": "/wiki/New_College_London"
      },
      {
        "text": "Queen Elizabeth College",
        "href": "/wiki/Queen_Elizabeth_College"
      },
      {
        "text": "Regent's Park College",
        "href": "/wiki/Regent%27s_Park_College,_Oxford"
      },
      {
        "text": "Royal Postgraduate Medical School",
        "href": "/wiki/Royal_Postgraduate_Medical_School"
      },
      {
        "text": "School of Pharmacy",
        "href": "/wiki/UCL_School_of_Pharmacy"
      },
      {
        "text": "School of Slavonic and East European Studies",
        "href": "/wiki/UCL_School_of_Slavonic_and_East_European_Studies"
      },
      {
        "text": "University Marine Biological Station Millport",
        "href": "/wiki/University_Marine_Biological_Station_Millport"
      },
      {
        "text": "St Thomas's Hospital Medical School",
        "href": "/wiki/St_Thomas%27s_Hospital_Medical_School"
      },
      {
        "text": "Westfield College",
        "href": "/wiki/Westfield_College"
      },
      {
        "text": "Wye College",
        "href": "/wiki/Wye_College"
      },
      {
        "text": "6 Burlington Gardens",
        "href": "/wiki/6_Burlington_Gardens"
      },
      {
        "text": "Church of Christ the King",
        "href": "/wiki/Church_of_Christ_the_King,_Bloomsbury"
      },
      {
        "text": "Halls of residence",
        "href": "/wiki/Category:University_of_London_intercollegiate_halls_of_residence"
      },
      {
        "text": "Commonwealth Hall",
        "href": "/wiki/Commonwealth_Hall"
      },
      {
        "text": "Hughes Parry Hall",
        "href": "/wiki/Hughes_Parry_Hall,_London"
      },
      {
        "text": "Parliamentary constituency",
        "href": "/wiki/London_University_(UK_Parliament_constituency)"
      },
      {
        "text": "General Examination for Women",
        "href": "/wiki/General_Examination_for_Women"
      },
      {
        "text": "Academic dress",
        "href": "/wiki/Academic_dress_of_the_University_of_London"
      },
      {
        "text": "The Careers Group",
        "href": "/wiki/The_Careers_Group,_University_of_London"
      },
      {
        "text": "London Student",
        "href": "/wiki/London_Student"
      },
      {
        "text": "University of London Boat Club",
        "href": "/wiki/University_of_London_Boat_Club"
      },
      {
        "text": "University of London Computer Centre",
        "href": "/wiki/University_of_London_Computer_Centre"
      },
      {
        "text": "Student Central",
        "href": "/wiki/Student_Central"
      },
      {
        "text": "Category",
        "href": "/wiki/Category:University_of_London"
      },
      {
        "text": "Commons",
        "href": "https://commons.wikimedia.org/wiki/Category:University_of_London"
      },
      {
        "text": "v",
        "href": "/wiki/Template:Schools_and_colleges_in_Lewisham"
      },
      {
        "text": "t",
        "href": "/wiki/Template_talk:Schools_and_colleges_in_Lewisham"
      },
      {
        "text": "Schools and colleges in Lewisham",
        "href": "/wiki/List_of_schools_in_the_London_Borough_of_Lewisham"
      },
      {
        "text": "Primary schools",
        "href": "/wiki/Primary_school"
      },
      {
        "text": "John Ball Primary School",
        "href": "/wiki/John_Ball_Primary_School"
      },
      {
        "text": "Prendergast Ladywell School",
        "href": "/wiki/Prendergast_Ladywell_School"
      },
      {
        "text": "Prendergast Vale School",
        "href": "/wiki/Prendergast_Vale_School"
      },
      {
        "text": "St Matthew Academy",
        "href": "/wiki/St_Matthew_Academy"
      },
      {
        "text": "Trinity Church of England School",
        "href": "/wiki/Trinity_Church_of_England_School"
      },
      {
        "text": "Secondary schools",
        "href": "/wiki/Secondary_school"
      },
      {
        "text": "Addey and Stanhope School",
        "href": "/wiki/Addey_and_Stanhope_School"
      },
      {
        "text": "Bonus Pastor Catholic College",
        "href": "/wiki/Bonus_Pastor_Catholic_College"
      },
      {
        "text": "Conisborough College",
        "href": "/wiki/Conisborough_College"
      },
      {
        "text": "Deptford Green School",
        "href": "/wiki/Deptford_Green_School"
      },
      {
        "text": "Forest Hill School",
        "href": "/wiki/Forest_Hill_School"
      },
      {
        "text": "Haberdashers' Hatcham College",
        "href": "/wiki/Haberdashers%27_Hatcham_College"
      },
      {
        "text": "Haberdashers' Knights Academy",
        "href": "/wiki/Haberdashers%27_Knights_Academy"
      },
      {
        "text": "Prendergast School",
        "href": "/wiki/Prendergast_School"
      },
      {
        "text": "Prendergast Ladywell School",
        "href": "/wiki/Prendergast_Ladywell_School"
      },
      {
        "text": "Prendergast Vale School",
        "href": "/wiki/Prendergast_Vale_School"
      },
      {
        "text": "St Matthew Academy",
        "href": "/wiki/St_Matthew_Academy"
      },
      {
        "text": "Sedgehill School",
        "href": "/wiki/Sedgehill_School"
      },
      {
        "text": "Sydenham School",
        "href": "/wiki/Sydenham_School"
      },
      {
        "text": "Trinity Church of England School",
        "href": "/wiki/Trinity_Church_of_England_School"
      },
      {
        "text": "Independent schools",
        "href": "/wiki/Independent_school_(UK)"
      },
      {
        "text": "St Dunstan's College",
        "href": "/wiki/St_Dunstan%27s_College"
      },
      {
        "text": "Sydenham High School",
        "href": "/wiki/Sydenham_High_School"
      },
      {
        "text": "FE",
        "href": "/wiki/Further_education"
      },
      {
        "text": "Sixth form colleges",
        "href": "/wiki/Sixth_form_colleges"
      },
      {
        "text": "Christ the King Sixth Form College",
        "href": "/wiki/Christ_the_King_Sixth_Form_College"
      },
      {
        "text": "Lewisham Southwark College",
        "href": "/wiki/Lewisham_Southwark_College"
      },
      {
        "text": "Kirkdale School",
        "href": "/wiki/Kirkdale_School"
      },
      {
        "text": "Ladies Hall",
        "href": "/wiki/Ladies_Hall"
      },
      {
        "text": "Perceval House",
        "href": "/wiki/Perceval_House"
      },
      {
        "text": "St Joseph's Academy",
        "href": "/wiki/St_Joseph%27s_Academy,_Blackheath"
      },
      {
        "text": "v",
        "href": "/wiki/Template:Universities_and_colleges_in_London"
      },
      {
        "text": "t",
        "href": "/wiki/Template_talk:Universities_and_colleges_in_London"
      },
      {
        "text": "London",
        "href": "/wiki/London"
      },
      {
        "text": "Education in London",
        "href": "/wiki/Education_in_London"
      },
      {
        "text": "Universities",
        "href": "/wiki/Category:Universities_and_colleges_in_London"
      },
      {
        "text": "University  of London",
        "href": "/wiki/University_of_London"
      },
      {
        "text": "Birkbeck",
        "href": "/wiki/Birkbeck,_University_of_London"
      },
      {
        "text": "City",
        "href": "/wiki/City,_University_of_London"
      },
      {
        "text": "Courtauld Institute of Art",
        "href": "/wiki/Courtauld_Institute_of_Art"
      },
      {
        "text": "Institute of Cancer Research",
        "href": "/wiki/Institute_of_Cancer_Research"
      },
      {
        "text": "King's College London",
        "href": "/wiki/King%27s_College_London"
      },
      {
        "text": "London Business School",
        "href": "/wiki/London_Business_School"
      },
      {
        "text": "London School of Economics",
        "href": "/wiki/London_School_of_Economics"
      },
      {
        "text": "London School of Hygiene &amp; Tropical Medicine",
        "href": "/wiki/London_School_of_Hygiene_%26_Tropical_Medicine"
      },
      {
        "text": "Queen Mary",
        "href": "/wiki/Queen_Mary_University_of_London"
      },
      {
        "text": "Royal Academy of Music",
        "href": "/wiki/Royal_Academy_of_Music"
      },
      {
        "text": "Royal Central School of Speech and Drama",
        "href": "/wiki/Royal_Central_School_of_Speech_and_Drama"
      },
      {
        "text": "Royal Holloway",
        "href": "/wiki/Royal_Holloway,_University_of_London"
      },
      {
        "text": "Royal Veterinary College",
        "href": "/wiki/Royal_Veterinary_College"
      },
      {
        "text": "School of Advanced Study",
        "href": "/wiki/School_of_Advanced_Study"
      },
      {
        "text": "St George's",
        "href": "/wiki/St_George%27s,_University_of_London"
      },
      {
        "text": "SOAS",
        "href": "/wiki/SOAS_University_of_London"
      },
      {
        "text": "University College London",
        "href": "/wiki/University_College_London"
      },
      {
        "text": "University of the Arts London",
        "href": "/wiki/University_of_the_Arts_London"
      },
      {
        "text": "BPP",
        "href": "/wiki/BPP_University"
      },
      {
        "text": "Brunel",
        "href": "/wiki/Brunel_University_London"
      },
      {
        "text": "East London",
        "href": "/wiki/University_of_East_London"
      },
      {
        "text": "Greenwich",
        "href": "/wiki/University_of_Greenwich"
      },
      {
        "text": "Imperial College London",
        "href": "/wiki/Imperial_College_London"
      },
      {
        "text": "Kingston",
        "href": "/wiki/Kingston_University"
      },
      {
        "text": "University of Law",
        "href": "/wiki/University_of_Law"
      },
      {
        "text": "London Met",
        "href": "/wiki/London_Metropolitan_University"
      },
      {
        "text": "London South Bank",
        "href": "/wiki/London_South_Bank_University"
      },
      {
        "text": "Middlesex",
        "href": "/wiki/Middlesex_University"
      },
      {
        "text": "Northeastern University – London",
        "href": "/wiki/Northeastern_University_%E2%80%93_London"
      },
      {
        "text": "Ravensbourne",
        "href": "/wiki/Ravensbourne_University_London"
      },
      {
        "text": "Regent's University London",
        "href": "/wiki/Regent%27s_University_London"
      },
      {
        "text": "Richmond",
        "href": "/wiki/Richmond,_The_American_International_University_in_London"
      },
      {
        "text": "Roehampton",
        "href": "/wiki/University_of_Roehampton"
      },
      {
        "text": "Royal College of Art",
        "href": "/wiki/Royal_College_of_Art"
      },
      {
        "text": "St Mary's",
        "href": "/wiki/St_Mary%27s_University,_Twickenham"
      },
      {
        "text": "Westminster",
        "href": "/wiki/University_of_Westminster"
      },
      {
        "text": "West London",
        "href": "/wiki/University_of_West_London"
      },
      {
        "text": "Architectural Association",
        "href": "/wiki/Architectural_Association_School_of_Architecture"
      },
      {
        "text": "London School of Journalism",
        "href": "/wiki/London_School_of_Journalism"
      },
      {
        "text": "Muslim College",
        "href": "/wiki/Muslim_College"
      },
      {
        "text": "Pearson College",
        "href": "/wiki/Pearson_College_London"
      },
      {
        "text": "Ada",
        "href": "/wiki/Ada,_the_National_College_for_Digital_Skills"
      },
      {
        "text": "Barking and Dagenham",
        "href": "/wiki/Barking_and_Dagenham_College"
      },
      {
        "text": "Barnet and Southgate",
        "href": "/wiki/Barnet_and_Southgate_College"
      },
      {
        "text": "Capel Manor",
        "href": "/wiki/Capel_Manor_College"
      },
      {
        "text": "City and Islington",
        "href": "/wiki/City_and_Islington_College"
      },
      {
        "text": "City Lit",
        "href": "/wiki/City_Literary_Institute"
      },
      {
        "text": "City of Westminster",
        "href": "/wiki/City_of_Westminster_College"
      },
      {
        "text": "Croydon",
        "href": "/wiki/Croydon_College"
      },
      {
        "text": "Fashion Retail",
        "href": "/wiki/Fashion_Retail_Academy"
      },
      {
        "text": "Haringey, Enfield and North East London",
        "href": "/wiki/The_College_of_Haringey,_Enfield_and_North_East_London"
      },
      {
        "text": "Harrow",
        "href": "/wiki/Harrow_College"
      },
      {
        "text": "Havering",
        "href": "/wiki/Havering_College_of_Further_and_Higher_Education"
      },
      {
        "text": "Lambeth",
        "href": "/wiki/Lambeth_College"
      },
      {
        "text": "Lewisham",
        "href": "/wiki/Lewisham_College"
      },
      {
        "text": "London South East Colleges",
        "href": "/wiki/London_South_East_Colleges"
      },
      {
        "text": "Marine Society",
        "href": "/wiki/The_Marine_Society_College_of_the_Sea"
      },
      {
        "text": "Mary Ward",
        "href": "/wiki/Mary_Ward_Centre"
      },
      {
        "text": "Morley",
        "href": "/wiki/Morley_College"
      },
      {
        "text": "New City",
        "href": "/wiki/New_City_College"
      },
      {
        "text": "Newham",
        "href": "/wiki/Newham_College_of_Further_Education"
      },
      {
        "text": "North West London",
        "href": "/wiki/College_of_North_West_London"
      },
      {
        "text": "Richmond and Hillcroft Adult",
        "href": "/wiki/Richmond_and_Hillcroft_Adult_Community_College"
      },
      {
        "text": "Richmond upon Thames",
        "href": "/wiki/Richmond_upon_Thames_College"
      },
      {
        "text": "Southwark",
        "href": "/wiki/Southwark_College"
      },
      {
        "text": "Sutton",
        "href": "/wiki/Sutton_College"
      },
      {
        "text": "South Thames",
        "href": "/wiki/South_Thames_Colleges_Group"
      },
      {
        "text": "Stanmore",
        "href": "/wiki/Stanmore_College"
      },
      {
        "text": "Uxbridge",
        "href": "/wiki/Uxbridge_College"
      },
      {
        "text": "Waltham Forest",
        "href": "/wiki/Waltham_Forest_College"
      },
      {
        "text": "West London",
        "href": "/wiki/West_London_College"
      },
      {
        "text": "West Thames",
        "href": "/wiki/West_Thames_College"
      },
      {
        "text": "Westminster Kingsway",
        "href": "/wiki/Westminster_Kingsway_College"
      },
      {
        "text": "Workers' Educational",
        "href": "/wiki/Workers%27_Educational_Association"
      },
      {
        "text": "Working Men's",
        "href": "/wiki/Working_Men%27s_College"
      },
      {
        "text": "Big Creative",
        "href": "/wiki/Big_Creative_Academy"
      },
      {
        "text": "BSix",
        "href": "/wiki/BSix_Sixth_Form_College"
      },
      {
        "text": "Christ the King",
        "href": "/wiki/Christ_the_King_Sixth_Form_College"
      },
      {
        "text": "Coulsdon",
        "href": "/wiki/Coulsdon_Sixth_Form_College"
      },
      {
        "text": "ELAM",
        "href": "/wiki/East_London_Arts_%26_Music"
      },
      {
        "text": "Haringey",
        "href": "/wiki/Haringey_Sixth_Form_College"
      },
      {
        "text": "Harris Westminster",
        "href": "/wiki/Harris_Westminster_Sixth_Form"
      },
      {
        "text": "Havering",
        "href": "/wiki/Havering_Sixth_Form_College"
      },
      {
        "text": "John Ruskin",
        "href": "/wiki/John_Ruskin_College"
      },
      {
        "text": "King's London Maths",
        "href": "/wiki/King%27s_College_London_Mathematics_School"
      },
      {
        "text": "Leyton",
        "href": "/wiki/Leyton_Sixth_Form_College"
      },
      {
        "text": "London Academy of Excellence",
        "href": "/wiki/London_Academy_of_Excellence"
      },
      {
        "text": "London Academy of Excellence Tottenham",
        "href": "/wiki/London_Academy_of_Excellence_Tottenham"
      },
      {
        "text": "Newham",
        "href": "/wiki/Newham_Sixth_Form_College"
      },
      {
        "text": "Newham Collegiate",
        "href": "/wiki/Newham_Collegiate_Sixth_Form_Centre"
      },
      {
        "text": "St Charles",
        "href": "/wiki/St_Charles_Catholic_Sixth_Form_College"
      },
      {
        "text": "St Dominic's",
        "href": "/wiki/St_Dominic%27s_Sixth_Form_College"
      },
      {
        "text": "St Francis Xavier",
        "href": "/wiki/Saint_Francis_Xavier_College,_Clapham"
      },
      {
        "text": "Sir George Monoux",
        "href": "/wiki/Sir_George_Monoux_College"
      },
      {
        "text": "Tech City",
        "href": "/wiki/Tech_City_College"
      },
      {
        "text": "William Morris",
        "href": "/wiki/William_Morris_Sixth_Form"
      },
      {
        "text": "Woodhouse",
        "href": "/wiki/Woodhouse_College"
      },
      {
        "text": "List",
        "href": "/wiki/List_of_universities_and_higher_education_colleges_in_London"
      },
      {
        "text": "v",
        "href": "/wiki/Template:Art_schools_in_the_United_Kingdom"
      },
      {
        "text": "t",
        "href": "/wiki/Template_talk:Art_schools_in_the_United_Kingdom"
      },
      {
        "text": "Art school",
        "href": "/wiki/Art_school"
      },
      {
        "text": "List of art schools",
        "href": "/wiki/List_of_art_schools"
      },
      {
        "text": "England",
        "href": "/wiki/Category:Art_schools_in_England"
      },
      {
        "text": "London",
        "href": "/wiki/Category:Art_schools_in_London"
      },
      {
        "text": "City and Guilds of London Art School",
        "href": "/wiki/City_and_Guilds_of_London_Art_School"
      },
      {
        "text": "Fine Arts College",
        "href": "/wiki/Fine_Arts_College"
      },
      {
        "text": "Heatherley School of Fine Art",
        "href": "/wiki/Heatherley_School_of_Fine_Art"
      },
      {
        "text": "Putney School of Art and Design",
        "href": "/wiki/Putney_School_of_Art_and_Design"
      },
      {
        "text": "Ravensbourne University London",
        "href": "/wiki/Ravensbourne_University_London"
      },
      {
        "text": "Royal Academy Schools",
        "href": "/wiki/Royal_Academy_of_Arts#Royal_Academy_Schools"
      },
      {
        "text": "Royal College of Art",
        "href": "/wiki/Royal_College_of_Art"
      },
      {
        "text": "Royal Drawing School",
        "href": "/wiki/Royal_Drawing_School"
      },
      {
        "text": "UCL Slade School of Fine Art",
        "href": "/wiki/Slade_School_of_Fine_Art"
      },
      {
        "text": "University of the Arts London",
        "href": "/wiki/University_of_the_Arts_London"
      },
      {
        "text": "Camberwell College of Arts",
        "href": "/wiki/Camberwell_College_of_Arts"
      },
      {
        "text": "Central Saint Martins",
        "href": "/wiki/Central_Saint_Martins"
      },
      {
        "text": "Chelsea College of Arts",
        "href": "/wiki/Chelsea_College_of_Arts"
      },
      {
        "text": "Wimbledon College of Arts",
        "href": "/wiki/Wimbledon_College_of_Arts"
      },
      {
        "text": "Arts University Bournemouth",
        "href": "/wiki/Arts_University_Bournemouth"
      },
      {
        "text": "Bath School of Art and Design",
        "href": "/wiki/Bath_School_of_Art_and_Design"
      },
      {
        "text": "Birmingham Institute of Art and Design",
        "href": "/wiki/Birmingham_Institute_of_Art_and_Design"
      },
      {
        "text": "Coventry School of Art and Design",
        "href": "/wiki/Coventry_School_of_Art_and_Design"
      },
      {
        "text": "Falmouth University",
        "href": "/wiki/Falmouth_University"
      },
      {
        "text": "Hastings School of Art",
        "href": "/wiki/Hastings_School_of_Art"
      },
      {
        "text": "Hereford College of Arts",
        "href": "/wiki/Hereford_College_of_Arts"
      },
      {
        "text": "John Lennon Art and Design Building",
        "href": "/wiki/John_Lennon_Art_and_Design_Building"
      },
      {
        "text": "Leeds Arts University",
        "href": "/wiki/Leeds_Arts_University"
      },
      {
        "text": "Lincoln College of Art",
        "href": "/wiki/Lincoln_College_of_Art"
      },
      {
        "text": "Manchester School of Art",
        "href": "/wiki/Manchester_School_of_Art"
      },
      {
        "text": "Northern School of Art",
        "href": "/wiki/The_Northern_School_of_Art"
      },
      {
        "text": "Norwich University of the Arts",
        "href": "/wiki/Norwich_University_of_the_Arts"
      },
      {
        "text": "Nottingham Trent University, School of Art and Design",
        "href": "/wiki/Nottingham_Trent_University,_School_of_Art_and_Design"
      },
      {
        "text": "Open College of the Arts",
        "href": "/wiki/Open_College_of_the_Arts"
      },
      {
        "text": "Plymouth College of Art",
        "href": "/wiki/Plymouth_College_of_Art"
      },
      {
        "text": "Ruskin School of Art",
        "href": "/wiki/Ruskin_School_of_Art"
      },
      {
        "text": "University for the Creative Arts",
        "href": "/wiki/University_for_the_Creative_Arts"
      },
      {
        "text": "Winchester School of Art",
        "href": "/wiki/Winchester_School_of_Art"
      },
      {
        "text": "Scotland",
        "href": "/wiki/Category:Art_schools_in_Scotland"
      },
      {
        "text": "Duncan of Jordanstone College of Art &amp; Design",
        "href": "/wiki/Duncan_of_Jordanstone_College_of_Art_%26_Design"
      },
      {
        "text": "Edinburgh College of Art",
        "href": "/wiki/Edinburgh_College_of_Art"
      },
      {
        "text": "Glasgow School of Art",
        "href": "/wiki/Glasgow_School_of_Art"
      },
      {
        "text": "Gray's School of Art",
        "href": "/wiki/Gray%27s_School_of_Art"
      },
      {
        "text": "Leith School of Art",
        "href": "/wiki/Leith_School_of_Art"
      },
      {
        "text": "Cardiff School of Art &amp; Design",
        "href": "/wiki/Cardiff_School_of_Art_%26_Design"
      },
      {
        "text": "Category",
        "href": "/wiki/Category:Art_schools_in_the_United_Kingdom"
      },
      {
        "text": "v",
        "href": "/wiki/Template:Universities_in_the_United_Kingdom"
      },
      {
        "text": "t",
        "href": "/wiki/Template_talk:Universities_in_the_United_Kingdom"
      },
      {
        "text": "Universities in the United Kingdom",
        "href": "/wiki/Universities_in_the_United_Kingdom"
      },
      {
        "text": "England",
        "href": "/wiki/List_of_universities_in_England"
      },
      {
        "text": "Anglia Ruskin",
        "href": "/wiki/Anglia_Ruskin_University"
      },
      {
        "text": "Bedfordshire",
        "href": "/wiki/University_of_Bedfordshire"
      },
      {
        "text": "Cambridge",
        "href": "/wiki/University_of_Cambridge"
      },
      {
        "text": "Cranfield",
        "href": "/wiki/Cranfield_University"
      },
      {
        "text": "East Anglia",
        "href": "/wiki/University_of_East_Anglia"
      },
      {
        "text": "Essex",
        "href": "/wiki/University_of_Essex"
      },
      {
        "text": "Hertfordshire",
        "href": "/wiki/University_of_Hertfordshire"
      },
      {
        "text": "Norwich University of the Arts",
        "href": "/wiki/Norwich_University_of_the_Arts"
      },
      {
        "text": "Suffolk",
        "href": "/wiki/University_of_Suffolk"
      },
      {
        "text": "London",
        "href": "/wiki/List_of_universities_and_higher_education_colleges_in_London"
      },
      {
        "text": "University  of London",
        "href": "/wiki/University_of_London"
      },
      {
        "text": "Birkbeck",
        "href": "/wiki/Birkbeck,_University_of_London"
      },
      {
        "text": "City",
        "href": "/wiki/City,_University_of_London"
      },
      {
        "text": "Courtauld",
        "href": "/wiki/Courtauld_Institute_of_Art"
      },
      {
        "text": "Institute of Cancer Research",
        "href": "/wiki/Institute_of_Cancer_Research"
      },
      {
        "text": "King's",
        "href": "/wiki/King%27s_College_London"
      },
      {
        "text": "London Business School",
        "href": "/wiki/London_Business_School"
      },
      {
        "text": "LSE",
        "href": "/wiki/London_School_of_Economics"
      },
      {
        "text": "LSHTM",
        "href": "/wiki/London_School_of_Hygiene_%26_Tropical_Medicine"
      },
      {
        "text": "Queen Mary",
        "href": "/wiki/Queen_Mary_University_of_London"
      },
      {
        "text": "Royal Academy of Music",
        "href": "/wiki/Royal_Academy_of_Music"
      },
      {
        "text": "Royal Central School of Speech and Drama",
        "href": "/wiki/Royal_Central_School_of_Speech_and_Drama"
      },
      {
        "text": "Royal Holloway",
        "href": "/wiki/Royal_Holloway,_University_of_London"
      },
      {
        "text": "Royal Veterinary College",
        "href": "/wiki/Royal_Veterinary_College"
      },
      {
        "text": "School of Advanced Study",
        "href": "/wiki/School_of_Advanced_Study"
      },
      {
        "text": "St George's",
        "href": "/wiki/St_George%27s,_University_of_London"
      },
      {
        "text": "SOAS",
        "href": "/wiki/SOAS_University_of_London"
      },
      {
        "text": "UCL",
        "href": "/wiki/University_College_London"
      },
      {
        "text": "Brunel",
        "href": "/wiki/Brunel_University_London"
      },
      {
        "text": "East London",
        "href": "/wiki/University_of_East_London"
      },
      {
        "text": "Greenwich",
        "href": "/wiki/University_of_Greenwich"
      },
      {
        "text": "Imperial",
        "href": "/wiki/Imperial_College_London"
      },
      {
        "text": "Kingston",
        "href": "/wiki/Kingston_University"
      },
      {
        "text": "London Met",
        "href": "/wiki/London_Metropolitan_University"
      },
      {
        "text": "London South Bank",
        "href": "/wiki/London_South_Bank_University"
      },
      {
        "text": "Middlesex",
        "href": "/wiki/Middlesex_University"
      },
      {
        "text": "Northeastern University – London",
        "href": "/wiki/Northeastern_University_%E2%80%93_London"
      },
      {
        "text": "Ravensbourne",
        "href": "/wiki/Ravensbourne_University_London"
      },
      {
        "text": "Regent's",
        "href": "/wiki/Regent%27s_University_London"
      },
      {
        "text": "Richmond, The American International University in London",
        "href": "/wiki/Richmond,_The_American_International_University_in_London"
      },
      {
        "text": "Royal College of Art",
        "href": "/wiki/Royal_College_of_Art"
      },
      {
        "text": "Royal College of Music",
        "href": "/wiki/Royal_College_of_Music"
      },
      {
        "text": "Roehampton",
        "href": "/wiki/University_of_Roehampton"
      },
      {
        "text": "St Mary's",
        "href": "/wiki/St_Mary%27s_University,_Twickenham"
      },
      {
        "text": "University of the Arts London",
        "href": "/wiki/University_of_the_Arts_London"
      },
      {
        "text": "Westminster",
        "href": "/wiki/University_of_Westminster"
      },
      {
        "text": "West London",
        "href": "/wiki/University_of_West_London"
      },
      {
        "text": "Aston",
        "href": "/wiki/Aston_University"
      },
      {
        "text": "Birmingham",
        "href": "/wiki/University_of_Birmingham"
      },
      {
        "text": "Birmingham City",
        "href": "/wiki/Birmingham_City_University"
      },
      {
        "text": "Bishop Grosseteste",
        "href": "/wiki/Bishop_Grosseteste_University"
      },
      {
        "text": "Coventry",
        "href": "/wiki/Coventry_University"
      },
      {
        "text": "De Montfort",
        "href": "/wiki/De_Montfort_University"
      },
      {
        "text": "Derby",
        "href": "/wiki/University_of_Derby"
      },
      {
        "text": "Harper Adams",
        "href": "/wiki/Harper_Adams_University"
      },
      {
        "text": "Keele",
        "href": "/wiki/Keele_University"
      },
      {
        "text": "Leicester",
        "href": "/wiki/University_of_Leicester"
      },
      {
        "text": "Lincoln",
        "href": "/wiki/University_of_Lincoln"
      },
      {
        "text": "Loughborough",
        "href": "/wiki/Loughborough_University"
      },
      {
        "text": "Newman",
        "href": "/wiki/Newman_University,_Birmingham"
      },
      {
        "text": "Northampton",
        "href": "/wiki/University_of_Northampton"
      },
      {
        "text": "Nottingham",
        "href": "/wiki/University_of_Nottingham"
      },
      {
        "text": "Nottingham Trent",
        "href": "/wiki/Nottingham_Trent_University"
      },
      {
        "text": "Staffordshire",
        "href": "/wiki/Staffordshire_University"
      },
      {
        "text": "University College Birmingham",
        "href": "/wiki/University_College_Birmingham"
      },
      {
        "text": "Warwick",
        "href": "/wiki/University_of_Warwick"
      },
      {
        "text": "Wolverhampton",
        "href": "/wiki/University_of_Wolverhampton"
      },
      {
        "text": "Worcester",
        "href": "/wiki/University_of_Worcester"
      },
      {
        "text": "Bolton",
        "href": "/wiki/University_of_Bolton"
      },
      {
        "text": "Bradford",
        "href": "/wiki/University_of_Bradford"
      },
      {
        "text": "Central Lancashire",
        "href": "/wiki/University_of_Central_Lancashire"
      },
      {
        "text": "Chester",
        "href": "/wiki/University_of_Chester"
      },
      {
        "text": "Cumbria",
        "href": "/wiki/University_of_Cumbria"
      },
      {
        "text": "Durham",
        "href": "/wiki/Durham_University"
      },
      {
        "text": "Edge Hill",
        "href": "/wiki/Edge_Hill_University"
      },
      {
        "text": "Huddersfield",
        "href": "/wiki/University_of_Huddersfield"
      },
      {
        "text": "Hull",
        "href": "/wiki/University_of_Hull"
      },
      {
        "text": "Lancaster",
        "href": "/wiki/Lancaster_University"
      },
      {
        "text": "Leeds",
        "href": "/wiki/University_of_Leeds"
      },
      {
        "text": "Leeds Arts",
        "href": "/wiki/Leeds_Arts_University"
      },
      {
        "text": "Leeds Beckett",
        "href": "/wiki/Leeds_Beckett_University"
      },
      {
        "text": "Leeds Trinity",
        "href": "/wiki/Leeds_Trinity_University"
      },
      {
        "text": "Liverpool",
        "href": "/wiki/University_of_Liverpool"
      },
      {
        "text": "Liverpool Hope",
        "href": "/wiki/Liverpool_Hope_University"
      },
      {
        "text": "Liverpool John Moores",
        "href": "/wiki/Liverpool_John_Moores_University"
      },
      {
        "text": "LSTM",
        "href": "/wiki/Liverpool_School_of_Tropical_Medicine"
      },
      {
        "text": "Manchester",
        "href": "/wiki/University_of_Manchester"
      },
      {
        "text": "Manchester Metropolitan",
        "href": "/wiki/Manchester_Metropolitan_University"
      },
      {
        "text": "Newcastle",
        "href": "/wiki/Newcastle_University"
      },
      {
        "text": "Northumbria",
        "href": "/wiki/Northumbria_University"
      },
      {
        "text": "Salford",
        "href": "/wiki/University_of_Salford"
      },
      {
        "text": "Sheffield",
        "href": "/wiki/University_of_Sheffield"
      },
      {
        "text": "Sheffield Hallam",
        "href": "/wiki/Sheffield_Hallam_University"
      },
      {
        "text": "Sunderland",
        "href": "/wiki/University_of_Sunderland"
      },
      {
        "text": "Teesside",
        "href": "/wiki/Teesside_University"
      },
      {
        "text": "York",
        "href": "/wiki/University_of_York"
      },
      {
        "text": "York St. John",
        "href": "/wiki/York_St_John_University"
      },
      {
        "text": "Arts University Bournemouth",
        "href": "/wiki/Arts_University_Bournemouth"
      },
      {
        "text": "Bath",
        "href": "/wiki/University_of_Bath"
      },
      {
        "text": "Bath Spa",
        "href": "/wiki/Bath_Spa_University"
      },
      {
        "text": "Bournemouth",
        "href": "/wiki/Bournemouth_University"
      },
      {
        "text": "Brighton",
        "href": "/wiki/University_of_Brighton"
      },
      {
        "text": "Bristol",
        "href": "/wiki/University_of_Bristol"
      },
      {
        "text": "Buckingham",
        "href": "/wiki/University_of_Buckingham"
      },
      {
        "text": "Buckinghamshire New",
        "href": "/wiki/Buckinghamshire_New_University"
      },
      {
        "text": "Canterbury Christ Church",
        "href": "/wiki/Canterbury_Christ_Church_University"
      },
      {
        "text": "Chichester",
        "href": "/wiki/University_of_Chichester"
      },
      {
        "text": "Creative Arts",
        "href": "/wiki/University_for_the_Creative_Arts"
      },
      {
        "text": "Exeter",
        "href": "/wiki/University_of_Exeter"
      },
      {
        "text": "Falmouth",
        "href": "/wiki/Falmouth_University"
      },
      {
        "text": "Hartpury",
        "href": "/wiki/Hartpury_College"
      },
      {
        "text": "Gloucestershire",
        "href": "/wiki/University_of_Gloucestershire"
      },
      {
        "text": "Kent",
        "href": "/wiki/University_of_Kent"
      },
      {
        "text": "Oxford",
        "href": "/wiki/University_of_Oxford"
      },
      {
        "text": "Oxford Brookes",
        "href": "/wiki/Oxford_Brookes_University"
      },
      {
        "text": "Plymouth",
        "href": "/wiki/University_of_Plymouth"
      },
      {
        "text": "Plymouth Marjon",
        "href": "/wiki/Plymouth_Marjon_University"
      },
      {
        "text": "Arts University Plymouth",
        "href": "/wiki/Arts_University_Plymouth"
      },
      {
        "text": "Portsmouth",
        "href": "/wiki/University_of_Portsmouth"
      },
      {
        "text": "Reading",
        "href": "/wiki/University_of_Reading"
      },
      {
        "text": "Royal Agricultural",
        "href": "/wiki/Royal_Agricultural_University"
      },
      {
        "text": "Solent",
        "href": "/wiki/Solent_University"
      },
      {
        "text": "Southampton",
        "href": "/wiki/University_of_Southampton"
      },
      {
        "text": "Surrey",
        "href": "/wiki/University_of_Surrey"
      },
      {
        "text": "Sussex",
        "href": "/wiki/University_of_Sussex"
      },
      {
        "text": "UWE Bristol",
        "href": "/wiki/University_of_the_West_of_England"
      },
      {
        "text": "Winchester",
        "href": "/wiki/University_of_Winchester"
      },
      {
        "text": "Northern Ireland",
        "href": "/wiki/List_of_universities_in_Northern_Ireland"
      },
      {
        "text": "Queen's",
        "href": "/wiki/Queen%27s_University_Belfast"
      },
      {
        "text": "Ulster",
        "href": "/wiki/Ulster_University"
      },
      {
        "text": "Scotland",
        "href": "/wiki/List_of_universities_in_Scotland"
      },
      {
        "text": "Aberdeen",
        "href": "/wiki/University_of_Aberdeen"
      },
      {
        "text": "Abertay",
        "href": "/wiki/Abertay_University"
      },
      {
        "text": "Dundee",
        "href": "/wiki/University_of_Dundee"
      },
      {
        "text": "Edinburgh",
        "href": "/wiki/University_of_Edinburgh"
      },
      {
        "text": "Edinburgh Napier",
        "href": "/wiki/Edinburgh_Napier_University"
      },
      {
        "text": "Glasgow",
        "href": "/wiki/University_of_Glasgow"
      },
      {
        "text": "Glasgow Caledonian",
        "href": "/wiki/Glasgow_Caledonian_University"
      },
      {
        "text": "Heriot-Watt",
        "href": "/wiki/Heriot-Watt_University"
      },
      {
        "text": "Highlands and Islands",
        "href": "/wiki/University_of_the_Highlands_and_Islands"
      },
      {
        "text": "Queen Margaret",
        "href": "/wiki/Queen_Margaret_University"
      },
      {
        "text": "Robert Gordon",
        "href": "/wiki/Robert_Gordon_University"
      },
      {
        "text": "Royal Conservatoire of Scotland",
        "href": "/wiki/Royal_Conservatoire_of_Scotland"
      },
      {
        "text": "St Andrews",
        "href": "/wiki/University_of_St_Andrews"
      },
      {
        "text": "Stirling",
        "href": "/wiki/University_of_Stirling"
      },
      {
        "text": "Strathclyde",
        "href": "/wiki/University_of_Strathclyde"
      },
      {
        "text": "West of Scotland",
        "href": "/wiki/University_of_the_West_of_Scotland"
      },
      {
        "text": "Wales",
        "href": "/wiki/List_of_universities_in_Wales"
      },
      {
        "text": "Aberystwyth",
        "href": "/wiki/Aberystwyth_University"
      },
      {
        "text": "Bangor",
        "href": "/wiki/Bangor_University"
      },
      {
        "text": "Cardiff",
        "href": "/wiki/Cardiff_University"
      },
      {
        "text": "Cardiff Metropolitan",
        "href": "/wiki/Cardiff_Metropolitan_University"
      },
      {
        "text": "South Wales",
        "href": "/wiki/University_of_South_Wales"
      },
      {
        "text": "Swansea",
        "href": "/wiki/Swansea_University"
      },
      {
        "text": "Wales Trinity Saint David",
        "href": "/wiki/University_of_Wales_Trinity_Saint_David"
      },
      {
        "text": "Wrexham Glyndŵr",
        "href": "/wiki/Wrexham_Glynd%C5%B5r_University"
      },
      {
        "text": "Overseas territories",
        "href": "/wiki/List_of_universities_in_the_United_Kingdom#Universities_in_British_overseas_territories"
      },
      {
        "text": "Bermuda College",
        "href": "/wiki/Bermuda_College"
      },
      {
        "text": "Cayman Islands Law School",
        "href": "/wiki/Cayman_Islands_Law_School"
      },
      {
        "text": "Gibraltar",
        "href": "/wiki/University_of_Gibraltar"
      },
      {
        "text": "International College of the Cayman Islands",
        "href": "/wiki/International_College_of_the_Cayman_Islands"
      },
      {
        "text": "Saint James School of Medicine",
        "href": "/wiki/Saint_James_School_of_Medicine"
      },
      {
        "text": "St. Matthew's University",
        "href": "/wiki/St._Matthew%27s_University"
      },
      {
        "text": "University College of the Cayman Islands",
        "href": "/wiki/University_College_of_the_Cayman_Islands"
      },
      {
        "text": "University of Science, Arts and Technology",
        "href": "/wiki/University_of_Science,_Arts_and_Technology"
      },
      {
        "text": "University of the West Indies Open Campus",
        "href": "/wiki/University_of_the_West_Indies_Open_Campus"
      },
      {
        "text": "Crown dependencies",
        "href": "/wiki/List_of_universities_in_the_United_Kingdom#Universities_in_Crown_Dependencies"
      },
      {
        "text": "University of the Channel Islands in Guernsey",
        "href": "/wiki/University_of_the_Channel_Islands_in_Guernsey"
      },
      {
        "text": "Arden",
        "href": "/wiki/Arden_University"
      },
      {
        "text": "BPP",
        "href": "/wiki/BPP_University"
      },
      {
        "text": "Law",
        "href": "/wiki/University_of_Law"
      },
      {
        "text": "London International Programmes",
        "href": "/wiki/University_of_London_International_Programmes"
      },
      {
        "text": "Open",
        "href": "/wiki/Open_University"
      },
      {
        "text": "2010 United Kingdom student protests",
        "href": "/wiki/2010_United_Kingdom_student_protests"
      },
      {
        "text": "List by date of foundation",
        "href": "/wiki/List_of_UK_universities_by_date_of_foundation"
      },
      {
        "text": "Ancient",
        "href": "/wiki/Ancient_university"
      },
      {
        "text": "Third-oldest in England",
        "href": "/wiki/Third-oldest_university_in_England_debate"
      },
      {
        "text": "Redbrick",
        "href": "/wiki/Red_brick_university"
      },
      {
        "text": "Plate glass",
        "href": "/wiki/Plate_glass_university"
      },
      {
        "text": "Post-1992",
        "href": "/wiki/Post-1992_university"
      },
      {
        "text": "List by endowment",
        "href": "/wiki/List_of_UK_universities_by_endowment"
      },
      {
        "text": "List by enrolment",
        "href": "/wiki/List_of_universities_in_the_United_Kingdom_by_enrolment"
      },
      {
        "text": "Colleges within universities",
        "href": "/wiki/Colleges_within_universities_in_the_United_Kingdom"
      },
      {
        "text": "Degree abbreviations",
        "href": "/wiki/British_degree_abbreviations"
      },
      {
        "text": "HEFCW",
        "href": "/wiki/Higher_Education_Funding_Council_for_Wales"
      },
      {
        "text": "Office for Students",
        "href": "/wiki/Office_for_Students"
      },
      {
        "text": "HEFCE",
        "href": "/wiki/Higher_Education_Funding_Council_for_England"
      },
      {
        "text": "Rankings",
        "href": "/wiki/Rankings_of_universities_in_the_United_Kingdom"
      },
      {
        "text": "Scottish Funding Council",
        "href": "/wiki/Scottish_Funding_Council"
      },
      {
        "text": "Student loans and grants in the United Kingdom",
        "href": "/wiki/Student_loans_and_grants_in_the_United_Kingdom"
      },
      {
        "text": "Student Radio Association",
        "href": "/wiki/Student_Radio_Association"
      },
      {
        "text": "Student television in the United Kingdom",
        "href": "/wiki/Student_television_in_the_United_Kingdom"
      },
      {
        "text": "Student unionism in the United Kingdom",
        "href": "/wiki/Student_unionism_in_the_United_Kingdom"
      },
      {
        "text": "Tuition fees in the United Kingdom",
        "href": "/wiki/Tuition_fees_in_the_United_Kingdom"
      },
      {
        "text": "Undergraduate degree classification",
        "href": "/wiki/British_undergraduate_degree_classification"
      },
      {
        "text": "UCAS",
        "href": "/wiki/UCAS"
      },
      {
        "text": "University and College Union",
        "href": "/wiki/University_and_College_Union"
      },
      {
        "text": "Category",
        "href": "/wiki/Category:Universities_in_the_United_Kingdom"
      },
      {
        "text": "Commons",
        "href": "https://commons.wikimedia.org/wiki/Category:Universities_and_colleges_in_the_United_Kingdom"
      },
      {
        "text": "List",
        "href": "/wiki/List_of_universities_in_the_United_Kingdom"
      },
      {
        "text": "Authority control",
        "href": "/wiki/Help:Authority_control"
      },
      {
        "text": "",
        "href": "https://www.wikidata.org/wiki/Q528231#identifiers"
      },
      {
        "text": "ISNI",
        "href": "/wiki/ISNI_(identifier)"
      },
      {
        "text": "1",
        "href": "https://isni.org/isni/0000000121916040"
      },
      {
        "text": "VIAF",
        "href": "/wiki/VIAF_(identifier)"
      },
      {
        "text": "1",
        "href": "https://viaf.org/viaf/156044809"
      },
      {
        "text": "WorldCat",
        "href": "https://www.worldcat.org/identities/lccn-n50045488/"
      },
      {
        "text": "France",
        "href": "https://catalogue.bnf.fr/ark:/12148/cb137780512"
      },
      {
        "text": "(data)",
        "href": "https://data.bnf.fr/ark:/12148/cb137780512"
      },
      {
        "text": "Germany",
        "href": "https://d-nb.info/gnd/1051443539"
      },
      {
        "text": "MusicBrainz",
        "href": "/wiki/MBP_(identifier)"
      },
      {
        "text": "place",
        "href": "https://musicbrainz.org/place/7c6d13fd-83a7-4c00-9dec-5094375c0881"
      },
      {
        "text": "SUDOC (France)",
        "href": "/wiki/SUDOC_(identifier)"
      },
      {
        "text": "1",
        "href": "https://www.idref.fr/137391927"
      },
      {
        "text": "Trove (Australia)",
        "href": "/wiki/Trove_(identifier)"
      },
      {
        "text": "1",
        "href": "https://trove.nla.gov.au/people/907341"
      },
      {
        "text": "Categories",
        "href": "/wiki/Help:Category"
      },
      {
        "text": "Goldsmiths, University of London",
        "href": "/wiki/Category:Goldsmiths,_University_of_London"
      },
      {
        "text": "Education in the London Borough of Lewisham",
        "href": "/wiki/Category:Education_in_the_London_Borough_of_Lewisham"
      },
      {
        "text": "Educational institutions established in 1891",
        "href": "/wiki/Category:Educational_institutions_established_in_1891"
      },
      {
        "text": "Grade II listed educational buildings",
        "href": "/wiki/Category:Grade_II_listed_educational_buildings"
      },
      {
        "text": "Grade II listed buildings in the London Borough of Lewisham",
        "href": "/wiki/Category:Grade_II_listed_buildings_in_the_London_Borough_of_Lewisham"
      },
      {
        "text": "1891 establishments in England",
        "href": "/wiki/Category:1891_establishments_in_England"
      },
      {
        "text": "New Cross",
        "href": "/wiki/Category:New_Cross"
      },
      {
        "text": "Organisations based in the London Borough of Lewisham",
        "href": "/wiki/Category:Organisations_based_in_the_London_Borough_of_Lewisham"
      },
      {
        "text": "1891 in London",
        "href": "/wiki/Category:1891_in_London"
      },
      {
        "text": "Universities UK",
        "href": "/wiki/Category:Universities_UK"
      },
      {
        "text": "University of London",
        "href": "/wiki/Category:University_of_London"
      },
      {
        "text": "CS1: Julian–Gregorian uncertainty",
        "href": "/wiki/Category:CS1:_Julian%E2%80%93Gregorian_uncertainty"
      },
      {
        "text": "Articles with short description",
        "href": "/wiki/Category:Articles_with_short_description"
      },
      {
        "text": "Short description is different from Wikidata",
        "href": "/wiki/Category:Short_description_is_different_from_Wikidata"
      },
      {
        "text": "Use British English from April 2012",
        "href": "/wiki/Category:Use_British_English_from_April_2012"
      },
      {
        "text": "Use dmy dates from September 2021",
        "href": "/wiki/Category:Use_dmy_dates_from_September_2021"
      },
      {
        "text": "Articles containing Latin-language text",
        "href": "/wiki/Category:Articles_containing_Latin-language_text"
      },
      {
        "text": "Coordinates on Wikidata",
        "href": "/wiki/Category:Coordinates_on_Wikidata"
      },
      {
        "text": "Articles using infobox university",
        "href": "/wiki/Category:Articles_using_infobox_university"
      },
      {
        "text": "Pages using infobox university with the affiliations parameter",
        "href": "/wiki/Category:Pages_using_infobox_university_with_the_affiliations_parameter"
      },
      {
        "text": "All articles with unsourced statements",
        "href": "/wiki/Category:All_articles_with_unsourced_statements"
      },
      {
        "text": "Articles with unsourced statements from February 2016",
        "href": "/wiki/Category:Articles_with_unsourced_statements_from_February_2016"
      },
      {
        "text": "Articles with unsourced statements from May 2018",
        "href": "/wiki/Category:Articles_with_unsourced_statements_from_May_2018"
      },
      {
        "text": "Commons category link from Wikidata",
        "href": "/wiki/Category:Commons_category_link_from_Wikidata"
      },
      {
        "text": "Official website different in Wikidata and Wikipedia",
        "href": "/wiki/Category:Official_website_different_in_Wikidata_and_Wikipedia"
      },
      {
        "text": "Articles with ISNI identifiers",
        "href": "/wiki/Category:Articles_with_ISNI_identifiers"
      },
      {
        "text": "Articles with VIAF identifiers",
        "href": "/wiki/Category:Articles_with_VIAF_identifiers"
      },
      {
        "text": "Articles with WorldCat identifiers",
        "href": "/wiki/Category:Articles_with_WorldCat_identifiers"
      },
      {
        "text": "Articles with BNF identifiers",
        "href": "/wiki/Category:Articles_with_BNF_identifiers"
      },
      {
        "text": "Articles with GND identifiers",
        "href": "/wiki/Category:Articles_with_GND_identifiers"
      },
      {
        "text": "Articles with MusicBrainz place identifiers",
        "href": "/wiki/Category:Articles_with_MusicBrainz_place_identifiers"
      },
      {
        "text": "Articles with SUDOC identifiers",
        "href": "/wiki/Category:Articles_with_SUDOC_identifiers"
      },
      {
        "text": "Articles with Trove identifiers",
        "href": "/wiki/Category:Articles_with_Trove_identifiers"
      }
    ]
  }
}